{"means": [[49.93177131548116, 64.07243419395755, 62.804876181523824], [47.010525978814755, 87.84218185272742, 68.72991706985063]], "cov": [[[3140.4733449562573, 3429.181624967436, 3558.778958903737], [3429.181624967436, 3925.586562609573, 4008.02512824725], [3558.778958903737, 4008.02512824725, 4146.692287003472]], [[87.68499093491496, 85.63526663908051, 85.34612304617812], [85.63526663908051, 90.40962097392362, 89.2123612104254], [85.34612304617812, 89.21236121042541, 93.56584402051162]]], "mix": [0.124842342080153, 0.8751576579198471]}