{"means": [[180.17244735701047, 307.57820321935503, 68.22524750184294, 76.47583486477566, 85.13236642603745], [202.23185519285516, 285.1458947827614, 86.4907949595597, 168.5772352972449, 155.58083406395676]], "cov": [[[5479.167474431022, 1147.5347751018753, -1563.2488750314203, -993.1005695147473, -1300.851979300975], [1147.5347751018753, 16241.14768328021, -80.38668833142933, -158.32676541961973, -102.05718459156047], [-1563.2488750314203, -80.3866883314295, 3442.3512498671703, 3384.243850053768, 3378.314832643779], [-993.1005695147473, -158.32676541961956, 3384.243850053768, 3615.5224623451227, 3570.808661066162], [-1300.8519793009748, -102.05718459156047, 3378.314832643779, 3570.808661066162, 3663.6127192744025]], [[16121.801742233658, -397.460931235888, -129.016960234181, -313.08882563236216, 278.7149058337752], [-397.46093123588844, 34486.99989808331, 33.557653680961394, -143.40242493181378, -13.7249284462875], [-129.01696023418103, 33.55765368096142, 305.6768269275605, 181.28333388920308, 256.9795318705986], [-313.08882563236216, -143.40242493181378, 181.28333388920308, 173.56069368913677, 173.36797115319342], [278.7149058337753, -13.724928446287555, 256.97953187059863, 173.36797115319348, 285.96731729607006]]], "mix": [0.3278354181884903, 0.6721645818115098]}