{"means": [[47.0105257584309, 87.84218162610509, 68.7299169441868], [49.931773314128996, 64.07243209068943, 62.80487614217412]], "cov": [[[87.68499574124822, 85.63527145738435, 85.34612722332122], [85.63527145738435, 90.4096263594099, 89.21236586297982], [85.34612722332122, 89.21236586297982, 93.56584867133881]], [[3140.473775072626, 3429.182153378783, 3558.779478385863], [3429.182153378783, 3925.5871083066722, 4008.0257127821856], [3558.779478385863, 4008.025712782186, 4146.692888921077]]], "mix": [0.875157677310431, 0.12484232268956905]}