{"means": [[49.93177132894336, 64.07243417979035, 62.8048761812631], [47.01052597733068, 87.84218185119936, 68.72991706901077]], "cov": [[[3140.4733478537432, 3429.181628527078, 3558.7789624032275], [3429.181628527078, 3925.586566285691, 4008.0251321849905], [3558.7789624032275, 4008.0251321849905, 4146.692291058308]], [[87.68499096729391, 85.63526667154059, 85.34612307431938], [85.63526667154059, 90.4096210102053, 89.2123612417695], [85.34612307431938, 89.2123612417695, 93.56584405184392]]], "mix": [0.12484234194952772, 0.8751576580504723]}