{"means": [[125.122171364452, 163.76955503456307, 189.01955787306304], [155.04295474005525, 178.5765050841997, 192.95219042374555]], "cov": [[[118.88898327765794, 104.55423499071523, 84.099819964011], [104.55423499071523, 95.87368276519236, 77.47905984458643], [84.099819964011, 77.47905984458643, 66.42640768990803]], [[3355.332619669811, 2487.365572987004, 1825.6966967700764], [2487.365572987004, 1903.7026916781208, 1426.079153755304], [1825.6966967700764, 1426.079153755304, 1097.2914874963817]]], "mix": [0.8534962917294545, 0.14650370827054549]}