{"means": [[47.010525970942346, 87.84218184463569, 68.72991706536465], [49.931771386884414, 64.0724341188181, 62.80487618012137]], "cov": [[[87.68499110662782, 85.63526681122063, 85.3461231954124], [85.63526681122063, 90.4096211663266, 89.21236137664413], [85.3461231954124, 89.21236137664413, 93.56584418666908]], [[3140.473360322568, 3429.1816438454516, 3558.778977462733], [3429.1816438454516, 3925.5865821051148, 4008.0251491303234], [3558.778977462733, 4008.0251491303234, 4146.692308507555]]], "mix": [0.8751576586125946, 0.12484234138740542]}