{"means": [[47.01052601189292, 87.84218188674075, 68.72991708871923], [49.93177101548465, 64.07243450965778, 62.804876187435895]], "cov": [[[87.68499021348993, 85.6352659158593, 85.346122419195], [85.6352659158593, 90.40962016556975, 89.21236051208385], [85.346122419195, 89.21236051208385, 93.56584332242915]], [[3140.4732803961006, 3429.181545653278, 3558.7788809298413], [3429.181545653278, 3925.5864807008666, 4008.0250405090037], [3558.7788809298413, 4008.0250405090037, 4146.692196656085]]], "mix": [0.8751576550093345, 0.12484234499066546]}